{
	"id":"timelinechart",
	"linkedchart":{
    "chart": {
        "dateformat": "dd/mm/yyyy",
        "ganttwidthpercent": "70",
        "gridborderalpha": "0",
        "showtasknames": "1",
        "palettethemecolor": "453269",
        "showborder": "0"
    },
    
    "categories": [
        {
            "category": [
                {
                    "start": "1/1/2005",
                    "end": "31/5/2005",
                    "name": "Development Life Cycle",
                    "isbold": "1",
                    "fontsize": "16"
                }
            ]
        },
        {
            "isbold": "1",
            "category": [
                {
                    "start": "1/1/2005",
                    "end": "31/1/2005",
                    "name": "January"
                },
                {
                    "start": "1/2/2005",
                    "end": "28/2/2005",
                    "name": "February"
                },
                {
                    "start": "1/3/2005",
                    "end": "31/3/2005",
                    "name": "March"
                },
                {
                    "start": "1/4/2005",
                    "end": "30/4/2005",
                    "name": "April"
                },
                {
                    "start": "1/5/2005",
                    "end": "31/5/2005",
                    "name": "May"
                }
            ]
        }
    ],
    "processes": {
        "headertext": "Tasks",
        "headeralign": "left",
        "bgcolor": "453269",
        "headerbgcolor": "453269",
        "fontcolor": "FFFFFF",
        "headerfontcolor": "FFFFFF",
        "isbold": "1",
        "headerfontsize": "16",
        "align": "left",
        "process": [
            {
                "name": "Get Data",
                "id": "1"
            },
            {
                "name": "Get Approval",
                "id": "2"
            },
            {
                "name": "Identification Details",
                "id": "3"
            },
            {
                "name": "Design",
                "id": "4"
            },
            {
                "name": "Coding",
                "id": "5"
            },
            {
                "name": "Develop Improvement",
                "id": "6"
            },
            {
                "name": "Implementation",
                "id": "7"
            },
            {
                "name": "Testing",
                "id": "8"
            }
        ]
    },
    "datatable": {
        "showprocessname": "1",
        "namealign": "left",
        "headerfontsize": "16",
        "headerfontisbold": "1"
    },
    "tasks": {
        "task": [
            {
                "name": "Dept. 1",
                "processid": "1",
                "start": "6/1/2005",
                "end": "24/1/2005",
                "id": "1",
                "color": "453269",
                "sbordercolor": "453269"
            },
            {
                "name": "Dept. 1",
                "processid": "2",
                "start": "6/2/2005",
                "end": "24/2/2005",
                "id": "2",
                "color": "453269",
                "sbordercolor": "453269"
            },
            {
                "name": "Dept. 1",
                "processid": "3",
                "start": "5/3/2005",
                "end": "18/4/2005",
                "id": "3",
                "color": "453269",
                "bordercolor": "453269",
                "showborder": "1"
            },
            {
                "name": "Dept. 2",
                "processid": "4",
                "start": "18/2/2005",
                "end": "24/3/2005",
                "id": "4",
                "color": "cccccc",
                "bordercolor": "cccccc"
            },
            {
                "name": "Dept. 2",
                "processid": "5",
                "start": "15/1/2005",
                "end": "5/3/2005",
                "id": "6",
                "color": "cccccc",
                "bordercolor": "cccccc"
            },
            {
                "name": "Dept. 2",
                "processid": "2",
                "start": "21/3/2005",
                "end": "10/5/2005",
                "id": "7",
                "color": "cccccc",
                "bordercolor": "cccccc"
            },
            {
                "name": "Dept. 3",
                "processid": "8",
                "start": "7/4/2005",
                "end": "26/5/2005",
                "id": "8",
                "width": "12",
                "color": "66499C",
                "bordercolor": "66499C"
            },
            {
                "name": "Dept. 3",
                "processid": "7",
                "start": "13/3/2005",
                "end": "19/4/2005",
                "id": "9",
                "width": "12",
                "bordercolor": "66499C",
                "color": "66499C"
            },
            {
                "name": "Dept. 3",
                "processid": "6",
                "start": "13/1/2005",
                "end": "19/2/2005",
                "id": "10",
                "width": "12",
                "bordercolor": "66499C",
                "color": "66499C"
            }
        ]
    },
    "connectors": [
        {
            "connector": [
                {
                    "fromtaskid": "1",
                    "totaskid": "2",
                    "thickness": "2"
                },
                {
                    "fromtaskid": "6",
                    "totaskid": "9",
                    "thickness": "2"
                },
                {
                    "fromtaskid": "10",
                    "totaskid": "8",
                    "thickness": "2"
                }
            ]
        }
    ],
    "milestones": {
        "milestone": [
            {
                "date": "6/1/2005",
                "taskid": "1",
                "radius": "5",
                "color": "333333",
                "bordercolor": "FFFFFF",
                "shape": "Polygon",
                "numsides": "4",
                "borderthickness": "1"
            },
            {
                "date": "24/1/2005",
                "taskid": "1",
                "radius": "5",
                "color": "FFCC33",
                "bordercolor": "333333",
                "shape": "Polygon",
                "numsides": "4",
                "borderthickness": "1"
            },
            {
                "date": "6/2/2005",
                "taskid": "2",
                "radius": "5",
                "color": "333333",
                "bordercolor": "FFFFFF",
                "shape": "Polygon",
                "numsides": "4",
                "borderthickness": "1"
            },
            {
                "date": "5/3/2005",
                "taskid": "3",
                "radius": "5",
                "color": "FFCC33",
                "bordercolor": "333333",
                "shape": "Polygon",
                "numsides": "4",
                "borderthickness": "1"
            },
            {
                "date": "18/2/2005",
                "taskid": "4",
                "radius": "5",
                "color": "333333",
                "bordercolor": "FFFFFF",
                "shape": "Polygon",
                "numsides": "4",
                "borderthickness": "1"
            },
            {
                "date": "24/3/2005",
                "taskid": "4",
                "radius": "5",
                "color": "FFCC33",
                "bordercolor": "333333",
                "shape": "Polygon",
                "numsides": "4",
                "borderthickness": "1"
            },
            {
                "date": "18/4/2005",
                "taskid": "3",
                "radius": "5",
                "color": "333333",
                "bordercolor": "FFFFFF",
                "shape": "Polygon",
                "numsides": "4",
                "borderthickness": "1"
            },
            {
                "date": "15/1/2005",
                "taskid": "6",
                "radius": "5",
                "color": "FFCC33",
                "bordercolor": "333333",
                "shape": "Polygon",
                "numsides": "4",
                "borderthickness": "1"
            },
            {
                "date": "5/3/2005",
                "taskid": "6",
                "radius": "5",
                "color": "333333",
                "bordercolor": "FFFFFF",
                "shape": "Polygon",
                "numsides": "4",
                "borderthickness": "1"
            },
            {
                "date": "24/2/2005",
                "taskid": "2",
                "radius": "5",
                "color": "FFCC33",
                "bordercolor": "333333",
                "shape": "Polygon",
                "numsides": "4",
                "borderthickness": "1"
            },
            {
                "date": "21/3/2005",
                "taskid": "7",
                "radius": "5",
                "color": "333333",
                "bordercolor": "FFFFFF",
                "shape": "Polygon",
                "numsides": "4",
                "borderthickness": "1"
            },
            {
                "date": "10/5/2005",
                "taskid": "7",
                "radius": "5",
                "color": "FFCC33",
                "bordercolor": "333333",
                "shape": "Polygon",
                "numsides": "4",
                "borderthickness": "1"
            },
            {
                "date": "7/4/2005",
                "taskid": "8",
                "radius": "5",
                "color": "333333",
                "bordercolor": "FFFFFF",
                "shape": "Polygon",
                "numsides": "4",
                "borderthickness": "1"
            },
            {
                "date": "26/5/2005",
                "taskid": "8",
                "radius": "5",
                "color": "FFCC33",
                "bordercolor": "333333",
                "shape": "Polygon",
                "numsides": "4",
                "borderthickness": "1"
            },
            {
                "date": "13/3/2005",
                "taskid": "9",
                "radius": "5",
                "color": "333333",
                "bordercolor": "FFFFFF",
                "shape": "Polygon",
                "numsides": "4",
                "borderthickness": "1"
            },
            {
                "date": "19/4/2005",
                "taskid": "9",
                "radius": "5",
                "color": "FFCC33",
                "bordercolor": "333333",
                "shape": "Polygon",
                "numsides": "4",
                "borderthickness": "1"
            },
            {
                "date": "13/1/2005",
                "taskid": "10",
                "radius": "5",
                "color": "333333",
                "bordercolor": "FFFFFF",
                "shape": "Polygon",
                "numsides": "4",
                "borderthickness": "1"
            },
            {
                "date": "19/2/2005",
                "taskid": "10",
                "radius": "5",
                "color": "FFCC33",
                "bordercolor": "333333",
                "shape": "Polygon",
                "numsides": "4",
                "borderthickness": "1"
            }
        ]
    }
}
}
