<beans xmlns="http://www.springframework.org/schema/beans"
	xmlns:context="http://www.springframework.org/schema/context"
	xmlns:mvc="http://www.springframework.org/schema/mvc" xmlns:xsi="http://www.w3.org/2001/XMLSchema-instance"
	xsi:schemaLocation=" http://www.springframework.org/schema/beans http://www.springframework.org/schema/beans/spring-beans.xsd http://www.springframework.org/schema/context http://www.springframework.org/schema/context/spring-context-3.0.xsd http://www.springframework.org/schema/mvc http://www.springframework.org/schema/mvc/spring-mvc.xsd">

	<mvc:annotation-driven />
	<context:component-scan base-package="com.rest" />
	<mvc:resources mapping="/resources/**" location="/resources/" />
	<mvc:cors>
		<mvc:mapping path="/**" allowed-origins="*"
					 allowed-methods="GET, PUT" />

		<mvc:mapping path="/resources/**" allowed-origins="*" />
	</mvc:cors>
	<bean id="dataSource" class="org.apache.commons.dbcp.BasicDataSource" destroy-method="close">
		<property name="driverClassName" value="com.mysql.jdbc.Driver" />
		<property name="url" value="jdbc:mysql://localhost:3306/reactdemonew" />
		<property name="username" value="root" />
		<property name="password" value="1234" />
	</bean>

	<!-- <context:property-placeholder location="classpath:jdbc.properties" /> -->

	
	<bean id="viewResolver" class="org.springframework.web.servlet.view.InternalResourceViewResolver">
		
		<property name="prefix">
			<value>/WEB-INF/jsp/</value>
		</property>
		<property name="suffix">
			<value>.jsp</value>
		</property>
	
	</bean>
</beans>	